{"cameraMode":{"drawMode":0,"name":"Shaded","section":"Shading Mode"},"sceneLighting":false,"audioPlay":false,"sceneViewState":{"m_AlwaysRefresh":false,"showFog":true,"showSkybox":false,"showFlares":true,"showImageEffects":true,"showParticleSystems":true,"showVisualEffectGraphs":true,"m_FxEnabled":true},"in2DMode":false,"pivot":{"x":0.07500004768371582,"y":0.30000001192092898,"z":0.07499998807907105},"rotation":{"x":0.0001282677985727787,"y":0.9654770493507385,"z":0.0005889263702556491,"w":-0.26067042350769045},"size":1.2772040367126465,"orthographic":false}