{"cameraMode":{"drawMode":0,"name":"Shaded","section":"Shading Mode"},"sceneLighting":false,"audioPlay":false,"sceneViewState":{"m_AlwaysRefresh":false,"showFog":true,"showSkybox":false,"showFlares":true,"showImageEffects":true,"showParticleSystems":true,"showVisualEffectGraphs":true,"m_FxEnabled":true},"in2DMode":false,"pivot":{"x":-0.01332712173461914,"y":1.8051953315734864,"z":0.17049634456634522},"rotation":{"x":0.0001282677985727787,"y":0.9654770493507385,"z":0.0005889263702556491,"w":-0.26067042350769045},"size":3.18843412399292,"orthographic":false}