{"cameraMode":{"drawMode":0,"name":"Shaded","section":"Shading Mode"},"sceneLighting":false,"audioPlay":false,"sceneViewState":{"m_AlwaysRefresh":false,"showFog":true,"showSkybox":false,"showFlares":true,"showImageEffects":true,"showParticleSystems":true,"showVisualEffectGraphs":true,"m_FxEnabled":true},"in2DMode":false,"pivot":{"x":0.06869126111268997,"y":0.5452139377593994,"z":0.757280707359314},"rotation":{"x":-0.044048160314559939,"y":0.9557029008865356,"z":-0.21812885999679566,"w":-0.19293375313282014},"size":0.7898368239402771,"orthographic":false}