{"cameraMode":{"drawMode":0,"name":"Shaded","section":"Shading Mode"},"sceneLighting":false,"audioPlay":false,"sceneViewState":{"m_AlwaysRefresh":false,"showFog":true,"showSkybox":false,"showFlares":true,"showImageEffects":true,"showParticleSystems":true,"showVisualEffectGraphs":true,"m_FxEnabled":true},"in2DMode":false,"pivot":{"x":-0.8177890777587891,"y":3.1599998474121095,"z":7.123227119445801},"rotation":{"x":0.15153299272060395,"y":0.26828235387802126,"z":0.04280683025717735,"w":-0.9505106806755066},"size":4.330127239227295,"orthographic":false}