{"cameraMode":{"drawMode":0,"name":"Shaded","section":"Shading Mode"},"sceneLighting":false,"audioPlay":false,"sceneViewState":{"m_AlwaysRefresh":false,"showFog":true,"showSkybox":false,"showFlares":true,"showImageEffects":true,"showParticleSystems":true,"showVisualEffectGraphs":true,"m_FxEnabled":true},"in2DMode":false,"pivot":{"x":3.7709012031555177,"y":7.574013710021973,"z":-0.8947065472602844},"rotation":{"x":0.0034046273212879898,"y":0.9957044124603272,"z":0.040951088070869449,"w":-0.0835406556725502},"size":10.325170516967774,"orthographic":false}