{"cameraMode":{"drawMode":0,"name":"Shaded","section":"Shading Mode"},"sceneLighting":true,"audioPlay":false,"sceneViewState":{"m_AlwaysRefresh":false,"showFog":true,"showSkybox":true,"showFlares":true,"showImageEffects":true,"showParticleSystems":true,"showVisualEffectGraphs":true,"m_FxEnabled":true},"in2DMode":false,"pivot":{"x":18.39010238647461,"y":1.4596967697143555,"z":17.62430763244629},"rotation":{"x":-0.00970945879817009,"y":-0.22691674530506135,"z":0.0019592472817748787,"w":-0.9740597009658814},"size":2.236747980117798,"orthographic":false}