{"cameraMode":{"drawMode":0,"name":"Shaded","section":"Shading Mode"},"sceneLighting":true,"audioPlay":false,"sceneViewState":{"m_AlwaysRefresh":false,"showFog":true,"showSkybox":true,"showFlares":true,"showImageEffects":true,"showParticleSystems":true,"showVisualEffectGraphs":true,"m_FxEnabled":true},"in2DMode":false,"pivot":{"x":16.600000381469728,"y":1.3940000534057618,"z":2.4198405742645265},"rotation":{"x":-0.00970945879817009,"y":-0.22691674530506135,"z":0.0019592472817748787,"w":-0.9740597009658814},"size":1.299038052558899,"orthographic":false}