{"cameraMode":{"drawMode":0,"name":"Shaded","section":"Shading Mode"},"sceneLighting":true,"audioPlay":false,"sceneViewState":{"m_AlwaysRefresh":false,"showFog":true,"showSkybox":true,"showFlares":true,"showImageEffects":true,"showParticleSystems":true,"showVisualEffectGraphs":true,"m_FxEnabled":true},"in2DMode":false,"pivot":{"x":105.09432983398438,"y":-5.235926628112793,"z":54.47318649291992},"rotation":{"x":0.07785976678133011,"y":0.39985737204551699,"z":-0.03364714980125427,"w":0.9129093885421753},"size":25.813350677490236,"orthographic":false}