{"cameraMode":{"drawMode":0,"name":"Shaded","section":"Shading Mode"},"sceneLighting":true,"audioPlay":false,"sceneViewState":{"m_AlwaysRefresh":false,"showFog":true,"showSkybox":true,"showFlares":true,"showImageEffects":true,"showParticleSystems":true,"showVisualEffectGraphs":true,"m_FxEnabled":true},"in2DMode":false,"pivot":{"x":46.58884811401367,"y":107.70254516601563,"z":536.5387573242188},"rotation":{"x":0.012296355329453946,"y":-0.980200469493866,"z":-0.06448130309581757,"w":-0.18687862157821656},"size":114.48979187011719,"orthographic":false}