{"cameraMode":{"drawMode":0,"name":"Shaded","section":"Shading Mode"},"sceneLighting":true,"audioPlay":false,"sceneViewState":{"m_AlwaysRefresh":false,"showFog":true,"showSkybox":true,"showFlares":true,"showImageEffects":true,"showParticleSystems":true,"showVisualEffectGraphs":true,"m_FxEnabled":true},"in2DMode":false,"pivot":{"x":-16.700363159179689,"y":2.251894235610962,"z":29.430686950683595},"rotation":{"x":0.09740155190229416,"y":-0.20445404946804048,"z":0.021631324663758279,"w":0.9741222262382507},"size":33.21574020385742,"orthographic":false}