{"cameraMode":{"drawMode":0,"name":"Shaded","section":"Shading Mode"},"sceneLighting":true,"audioPlay":false,"sceneViewState":{"m_AlwaysRefresh":false,"showFog":true,"showSkybox":true,"showFlares":true,"showImageEffects":true,"showParticleSystems":true,"showVisualEffectGraphs":true,"m_FxEnabled":true},"in2DMode":false,"pivot":{"x":-58.62019348144531,"y":0.07884208858013153,"z":5.688072681427002},"rotation":{"x":-0.0020855136681348087,"y":-0.9984241127967835,"z":0.038342684507369998,"w":-0.045868732035160068},"size":1.3135122060775757,"orthographic":false}