{"cameraMode":{"drawMode":0,"name":"Shaded","section":"Shading Mode"},"sceneLighting":true,"audioPlay":false,"sceneViewState":{"m_AlwaysRefresh":false,"showFog":true,"showSkybox":true,"showFlares":true,"showImageEffects":true,"showParticleSystems":true,"showVisualEffectGraphs":true,"m_FxEnabled":true},"in2DMode":false,"pivot":{"x":69.1015396118164,"y":4.331807613372803,"z":14.01032543182373},"rotation":{"x":-0.048650387674570087,"y":-0.10413698107004166,"z":0.004864909220486879,"w":-0.9936212301254273},"size":0.5833873748779297,"orthographic":false}