{"cameraMode":{"drawMode":0,"name":"Shaded","section":"Shading Mode"},"sceneLighting":true,"audioPlay":false,"sceneViewState":{"m_AlwaysRefresh":false,"showFog":true,"showSkybox":true,"showFlares":true,"showImageEffects":true,"showParticleSystems":true,"showVisualEffectGraphs":true,"m_FxEnabled":true},"in2DMode":false,"pivot":{"x":122.03092193603516,"y":-16.45311164855957,"z":135.1378173828125},"rotation":{"x":0.0842609629034996,"y":0.22119422256946565,"z":-0.018709419295191766,"w":0.9716421961784363},"size":75.87567138671875,"orthographic":false}