{"cameraMode":{"drawMode":0,"name":"Shaded","section":"Shading Mode"},"sceneLighting":true,"audioPlay":false,"sceneViewState":{"m_AlwaysRefresh":false,"showFog":true,"showSkybox":true,"showFlares":true,"showImageEffects":true,"showParticleSystems":true,"showVisualEffectGraphs":true,"m_FxEnabled":true},"in2DMode":false,"pivot":{"x":-0.22699737548828126,"y":103.20323944091797,"z":625.8172607421875},"rotation":{"x":0.07452888786792755,"y":-0.7012841105461121,"z":0.07412619143724442,"w":0.7050933241844177},"size":15.658466339111329,"orthographic":false}