{"cameraMode":{"drawMode":0,"name":"Shaded","section":"Shading Mode"},"sceneLighting":true,"audioPlay":false,"sceneViewState":{"m_AlwaysRefresh":false,"showFog":true,"showSkybox":true,"showFlares":true,"showImageEffects":true,"showParticleSystems":true,"showVisualEffectGraphs":true,"m_FxEnabled":true},"in2DMode":false,"pivot":{"x":-1.8496184349060059,"y":4.688998699188232,"z":0.005383760668337345},"rotation":{"x":-0.14134065806865693,"y":0.7868784666061401,"z":-0.19581583142280579,"w":-0.5679651498794556},"size":1.9159311056137086,"orthographic":false}